method,type,class,bin,mean_confidence,observed_frequency,weighted_count
uncalibrated,multiclass,argmax,0,0.5174081290919755,0.6499315827225106,13971.862592000001
uncalibrated,multiclass,argmax,1,0.5733383391744165,0.6166577061235978,28496.725184000003
uncalibrated,multiclass,argmax,2,0.6327727530443978,0.6932816403469361,47779.98948800001
uncalibrated,multiclass,argmax,3,0.7037606459688728,0.8541372423849211,121189.26235199999
uncalibrated,multiclass,argmax,4,0.7712220484307353,0.9282971143147027,263099.59243200003
uncalibrated,multiclass,argmax,5,0.8392708690358193,0.976898116621718,707128.49392
uncalibrated,multiclass,argmax,6,0.9088000912507359,0.9962177150983645,2565116.1275040004
uncalibrated,multiclass,argmax,7,0.9952721502239672,0.9999944861127116,412413217.9465281
uncalibrated,binary,acceptor,0,0.0022331651692174934,3.774649540011456e-06,414078176.90944
uncalibrated,binary,acceptor,1,0.0915832714163372,0.004237220538208861,1441510.9964
uncalibrated,binary,acceptor,2,0.1606061376347759,0.02343383652723168,391954.59904
uncalibrated,binary,acceptor,3,0.2276074834015932,0.07059944468305454,141460.03619200003
uncalibrated,binary,acceptor,4,0.29777879134778784,0.13245205252440218,66182.439856
uncalibrated,binary,acceptor,5,0.37007831109055067,0.3105504176860496,21725.940832
uncalibrated,binary,acceptor,6,0.4230183197946592,0.5021118142788893,10027.646944
uncalibrated,binary,acceptor,7,0.48898924400540933,0.47396800687442814,6327.431296000001
uncalibrated,binary,acceptor,8,0.561948142823933,1.0,1590.0
uncalibrated,binary,acceptor,9,0.6284194895511622,1.0,709.0
uncalibrated,binary,acceptor,10,0.6916963622029386,1.0,269.0
uncalibrated,binary,acceptor,11,0.7547565036349826,1.0,54.0
uncalibrated,binary,acceptor,12,0.8194654854861173,1.0,11.0
uncalibrated,binary,acceptor,13,0.8867349028587341,1.0,1.0
uncalibrated,binary,donor,0,0.0024897622637128076,1.939382304413249e-06,414564987.09430397
uncalibrated,binary,donor,1,0.09090472691635071,0.003461798520894676,1061298.0443040002
uncalibrated,binary,donor,2,0.1605574821973989,0.023047604906929746,309186.14011200005
uncalibrated,binary,donor,3,0.22996109261257724,0.07304964367705688,121191.55624
uncalibrated,binary,donor,4,0.2943649688597104,0.17051464628635923,52165.606848
uncalibrated,binary,donor,5,0.36515039719065595,0.3206771908087673,24498.156480000005
uncalibrated,binary,donor,6,0.4276386822332983,0.4393631530258661,13357.970416
uncalibrated,binary,donor,7,0.49779725002415104,0.5625913203592974,7609.431296000001
uncalibrated,binary,donor,8,0.5640901313287214,1.0,2669.0
uncalibrated,binary,donor,9,0.6304335685341599,1.0,1628.0
uncalibrated,binary,donor,10,0.6962997968698241,1.0,894.0
uncalibrated,binary,donor,11,0.7612925028033934,1.0,373.0
uncalibrated,binary,donor,12,0.8244909784107497,1.0,132.0
uncalibrated,binary,donor,13,0.877803498506546,1.0,10.0
global_T_1.1,multiclass,argmax,0,0.5173714781023643,0.655605808588281,15560.970416000002
global_T_1.1,multiclass,argmax,1,0.5742540888540543,0.6389703472095932,34249.264304
global_T_1.1,multiclass,argmax,2,0.6382857603846508,0.7390759182656027,63853.82249600001
global_T_1.1,multiclass,argmax,3,0.704730711958327,0.8751332320178545,154204.359664
global_T_1.1,multiclass,argmax,4,0.7715339302442092,0.9462045218828553,359137.99219200003
global_T_1.1,multiclass,argmax,5,0.8386276986751557,0.9851886573948486,960412.595888
global_T_1.1,multiclass,argmax,6,0.9085421143787865,0.9981662838058089,3753034.423648
global_T_1.1,multiclass,argmax,7,0.9927526910775256,0.9999969402624328,410819546.57139206
global_T_1.1,binary,acceptor,0,0.003390195810796118,2.1778476358754384e-06,413252049.94803196
global_T_1.1,binary,acceptor,1,0.09191882634861172,0.0022051467326757537,2035692.198384
global_T_1.1,binary,acceptor,2,0.16063536857998822,0.015289744993653112,540820.00736
global_T_1.1,binary,acceptor,3,0.22768898186572378,0.05312519516939376,195971.04475200002
global_T_1.1,binary,acceptor,4,0.29621681359657753,0.1193449105964843,81260.272864
global_T_1.1,binary,acceptor,5,0.36161691794892364,0.2432253241244126,31888.126896
global_T_1.1,binary,acceptor,6,0.42308857424503327,0.431360118554119,13169.970416
global_T_1.1,binary,acceptor,7,0.48993813015460513,0.497096646147613,6618.431296000001
global_T_1.1,binary,acceptor,8,0.5614241990109832,1.0,1635.0
global_T_1.1,binary,acceptor,9,0.6286733432347515,1.0,664.0
global_T_1.1,binary,acceptor,10,0.6916738219750234,1.0,195.0
global_T_1.1,binary,acceptor,11,0.7573455691337585,1.0,30.0
global_T_1.1,binary,acceptor,12,0.8232241372267405,1.0,6.0
global_T_1.1,binary,donor,0,0.0038517606798056207,1.0920496448198557e-06,413900597.05075204
global_T_1.1,binary,donor,1,0.09099166255782859,0.0016014634348635417,1566067.6012960002
global_T_1.1,binary,donor,2,0.16229308605321927,0.014868945873695895,404601.64769600006
global_T_1.1,binary,donor,3,0.23005275878271617,0.055041636493768205,161150.731792
global_T_1.1,binary,donor,4,0.29493367219388744,0.14023709862796238,67749.54768
global_T_1.1,binary,donor,5,0.36090536707969995,0.30716831299742087,28824.587776000004
global_T_1.1,binary,donor,6,0.42442093542236886,0.3992107507070334,16620.293888000004
global_T_1.1,binary,donor,7,0.49497719002607965,0.530812431307323,8867.539120000001
global_T_1.1,binary,donor,8,0.5638693731325167,1.0,2775.0
global_T_1.1,binary,donor,9,0.629791810482647,1.0,1595.0
global_T_1.1,binary,donor,10,0.6949625050945647,1.0,785.0
global_T_1.1,binary,donor,11,0.7613407211999098,1.0,288.0
global_T_1.1,binary,donor,12,0.820695526599884,1.0,75.0
global_T_1.1,binary,donor,13,0.8731867074966431,1.0,3.0
logit_unweighted_vector,multiclass,argmax,0,0.5170775970297394,0.46963743993615675,258839.31761600001
logit_unweighted_vector,multiclass,argmax,1,0.5676886773009439,0.5741138182986976,542822.869952
logit_unweighted_vector,multiclass,argmax,2,0.6334726701186861,0.623623045119629,573817.85944
logit_unweighted_vector,multiclass,argmax,3,0.7007316712106075,0.7164700380602815,611904.71152
logit_unweighted_vector,multiclass,argmax,4,0.7672821627493424,0.7500828642907124,820293.5596960001
logit_unweighted_vector,multiclass,argmax,5,0.8355503990221795,0.8177158407772411,1165544.9831840002
logit_unweighted_vector,multiclass,argmax,6,0.9038608055407827,0.89267855455833,2197709.930176
logit_unweighted_vector,multiclass,argmax,7,0.9991434855486074,0.9993745711412132,409989066.768416
logit_unweighted_vector,binary,acceptor,0,0.00031853985323879733,3.0661884064981613e-06,412890479.044592
logit_unweighted_vector,binary,acceptor,1,0.09610929711391338,0.0009112342946453595,908657.6359839999
logit_unweighted_vector,binary,acceptor,2,0.1646200890153985,0.0016089199707930927,437560.60760000005
logit_unweighted_vector,binary,acceptor,3,0.23250765418489275,0.0024079358348345656,294443.061872
logit_unweighted_vector,binary,acceptor,4,0.297563788777025,0.0032906797478965163,227916.43595200003
logit_unweighted_vector,binary,acceptor,5,0.36515925000129373,0.0039111071358430135,193807.015168
logit_unweighted_vector,binary,acceptor,6,0.4321100916537949,0.005082992118790822,169781.888272
logit_unweighted_vector,binary,acceptor,7,0.5014589342743896,0.0073098677356933026,131602.928368
logit_unweighted_vector,binary,acceptor,8,0.5668249719239588,0.008772463957227068,126760.28142400002
logit_unweighted_vector,binary,acceptor,9,0.6332422087997069,0.011425374135695773,118683.20318400001
logit_unweighted_vector,binary,acceptor,10,0.6987589306243982,0.015900193218306984,98929.61540800001
logit_unweighted_vector,binary,acceptor,11,0.7647172639523347,0.01980238084759912,112057.23276800002
logit_unweighted_vector,binary,acceptor,12,0.8321106613938344,0.02860118634639041,113072.232768
logit_unweighted_vector,binary,acceptor,13,0.8999253861419064,0.04152972614696261,143246.79096
logit_unweighted_vector,binary,acceptor,14,0.9704369807549238,0.15927812100256913,193002.02568000002
logit_unweighted_vector,binary,donor,0,0.00050824807503694,1.293162019691941e-06,412941295.72967994
logit_unweighted_vector,binary,donor,1,0.09533761939036685,0.0003620314867596784,1041345.887824
logit_unweighted_vector,binary,donor,2,0.1634692235115369,0.0007848508277079274,509650.988288
logit_unweighted_vector,binary,donor,3,0.23154923262271807,0.0013513382366363254,317463.080944
logit_unweighted_vector,binary,donor,4,0.3004054735001769,0.0023786349930700196,208522.956
logit_unweighted_vector,binary,donor,5,0.36690180377018716,0.0032557077258166946,162791.02568000002
logit_unweighted_vector,binary,donor,6,0.43194831821151375,0.004636143356780616,141281.22225599998
logit_unweighted_vector,binary,donor,7,0.5003048673835289,0.005941696431878927,127236.389248
logit_unweighted_vector,binary,donor,8,0.5679175811539566,0.00939052287478991,104999.478
logit_unweighted_vector,binary,donor,9,0.6316781303232869,0.011975243873702182,98536.615408
logit_unweighted_vector,binary,donor,10,0.7013040040000832,0.02150630242532285,76535.70416
logit_unweighted_vector,binary,donor,11,0.7657723492590794,0.023896974984741425,96330.184112
logit_unweighted_vector,binary,donor,12,0.8352080593118345,0.03556867694249047,105261.15452800001
logit_unweighted_vector,binary,donor,13,0.9010126362648391,0.0679975698958587,104459.61540800001
logit_unweighted_vector,binary,donor,14,0.9673321146578441,0.25686706976072016,124289.96846400002
logit_weighted_vector,multiclass,argmax,0,0.5112916146016359,0.4819574083162612,8507.646944
logit_weighted_vector,multiclass,argmax,1,0.5640925956884121,0.4767952454136853,9629.323472
logit_weighted_vector,multiclass,argmax,2,0.6362897546589807,0.6454840486042587,16761.186064
logit_weighted_vector,multiclass,argmax,3,0.7011981436875315,0.7229267958648998,23473.940832
logit_weighted_vector,multiclass,argmax,4,0.7705227432592494,0.6961473881188601,27467.264304000004
logit_weighted_vector,multiclass,argmax,5,0.8374170810834043,0.8104647055396308,61239.253792
logit_weighted_vector,multiclass,argmax,6,0.9072866597703519,0.9042896753153788,183355.349152
logit_weighted_vector,multiclass,argmax,7,0.9998807171278566,0.9999102565015859,415829566.03544
logit_weighted_vector,binary,acceptor,0,6.674672838683323e-05,5.116268128712368e-05,415986798.66991997
logit_weighted_vector,binary,acceptor,1,0.09276235528324761,0.09362200154452101,94561.10587200001
logit_weighted_vector,binary,acceptor,2,0.16333128997249283,0.14924549441280005,38145.205136000004
logit_weighted_vector,binary,acceptor,3,0.23443303060939102,0.36675388956804805,10513.862592000001
logit_weighted_vector,binary,acceptor,4,0.29846702080929544,0.2684816698016839,11375.07824
logit_weighted_vector,binary,acceptor,5,0.36188212420187804,0.32226330622965166,7366.646944000001
logit_weighted_vector,binary,acceptor,6,0.4325541208944912,1.0,1968.0
logit_weighted_vector,binary,acceptor,7,0.4990463523461364,0.37643723035129245,4003.3234720000005
logit_weighted_vector,binary,acceptor,8,0.5556550710430274,0.6022634137426752,2092.107824
logit_weighted_vector,binary,acceptor,9,0.6326618916198109,1.0,1068.0
logit_weighted_vector,binary,acceptor,10,0.6991078728654733,1.0,768.0
logit_weighted_vector,binary,acceptor,11,0.7649731269875484,1.0,586.0
logit_weighted_vector,binary,acceptor,12,0.8316593504121118,1.0,423.0
logit_weighted_vector,binary,acceptor,13,0.8937499893199112,1.0,269.0
logit_weighted_vector,binary,acceptor,14,0.9528831531924586,1.0,62.0
logit_weighted_vector,binary,donor,0,5.2453709260505695e-05,3.856709266542083e-05,416002319.36552
logit_weighted_vector,binary,donor,1,0.0925291879017952,0.09902756810883183,87743.24328
logit_weighted_vector,binary,donor,2,0.16092271702164643,0.2721868328336154,21724.048656000003
logit_weighted_vector,binary,donor,3,0.2255366766447732,0.2933221512361653,15307.401712
logit_weighted_vector,binary,donor,4,0.29884986081848836,0.3412870468603339,10105.862592000001
logit_weighted_vector,binary,donor,5,0.3599418834388109,0.4511552471217904,6064.431296000001
logit_weighted_vector,binary,donor,6,0.4337782489133875,0.5735203284183027,3902.2156480000003
logit_weighted_vector,binary,donor,7,0.5008552293084785,0.44579391610798597,4504.323472
logit_weighted_vector,binary,donor,8,0.5657431263729135,1.0,1667.0
logit_weighted_vector,binary,donor,9,0.6219477535943749,0.6321537748237769,2262.107824
logit_weighted_vector,binary,donor,10,0.6997744290072934,1.0,1224.0
logit_weighted_vector,binary,donor,11,0.7658358384819103,1.0,1061.0
logit_weighted_vector,binary,donor,12,0.8320902398420614,1.0,947.0
logit_weighted_vector,binary,donor,13,0.8984729429850211,1.0,780.0
logit_weighted_vector,binary,donor,14,0.9590839951001492,1.0,388.0
