bin,bin_lower,bin_upper,count,weight_sum,mean_pred,observed,abs_gap,ece_contribution,method,reliability_type,class
0,0.0,0.06666666666666667,0,0.0,,,,0.0,uncalibrated,multiclass,argmax
1,0.06666666666666667,0.13333333333333333,0,0.0,,,,0.0,uncalibrated,multiclass,argmax
2,0.13333333333333333,0.2,0,0.0,,,,0.0,uncalibrated,multiclass,argmax
3,0.2,0.26666666666666666,0,0.0,,,,0.0,uncalibrated,multiclass,argmax
4,0.26666666666666666,0.3333333333333333,0,0.0,,,,0.0,uncalibrated,multiclass,argmax
5,0.3333333333333333,0.4,0,0.0,,,,0.0,uncalibrated,multiclass,argmax
6,0.4,0.4666666666666667,0,0.0,,,,0.0,uncalibrated,multiclass,argmax
7,0.4666666666666667,0.5333333333333333,6251,10406.539120000001,0.5169633310270519,0.47337694032519045,0.04358639070186149,1.0899257015054928e-06,uncalibrated,multiclass,argmax
8,0.5333333333333333,0.6,12812,20291.970416000004,0.5661436232133519,0.5453108332582145,0.020832789955137376,1.015807279537653e-06,uncalibrated,multiclass,argmax
9,0.6,0.6666666666666666,13597,26063.617360000004,0.6355291735244938,0.8065844907723124,0.17105531724781864,1.0712995809641854e-05,uncalibrated,multiclass,argmax
10,0.6666666666666666,0.7333333333333333,15495,42090.450368000005,0.7003333784552576,0.8954369034894905,0.1951035250342329,1.9732783633879338e-05,uncalibrated,multiclass,argmax
11,0.7333333333333333,0.8,18063,68760.577264,0.7679668741204521,0.9562103734464076,0.18824349932595552,3.110277700847774e-05,uncalibrated,multiclass,argmax
12,0.8,0.8666666666666667,20570,120302.93888,0.8392838373154909,0.9805989776997208,0.14131514038422988,4.085117910530235e-05,uncalibrated,multiclass,argmax
13,0.8666666666666667,0.9333333333333333,17166,387008.98168,0.9077137739624105,0.9955375712664262,0.08782379730401568,8.167194915873183e-05,uncalibrated,multiclass,argmax
14,0.9333333333333333,1.0,502134,415485074.9249121,0.9986726163474826,0.9999981034216449,0.001325487074162246,0.0013233374094586295,uncalibrated,multiclass,argmax
0,0.0,0.06666666666666667,553166,415808710.29118395,0.0006158780441057053,1.1158977397925803e-06,0.0006147621463659128,0.000614243212265115,uncalibrated,binary_class,acceptor
1,0.06666666666666667,0.13333333333333333,1127,179815.18216000003,0.09276397688606731,0.005060751762274887,0.08770322512379243,3.789497164949593e-05,uncalibrated,binary_class,acceptor
2,0.13333333333333333,0.2,1272,59449.54768,0.16109635204386377,0.020202003999502928,0.14089434804436085,2.012712721526755e-05,uncalibrated,binary_class,acceptor
3,0.2,0.26666666666666666,1601,35676.420784,0.2324084676951095,0.043726359475489245,0.18868210821962025,1.6175274623354954e-05,uncalibrated,binary_class,acceptor
4,0.26666666666666666,0.3333333333333333,1781,15078.725184,0.3024286776033128,0.11705233555637962,0.1853763420469332,6.716740958623822e-06,uncalibrated,binary_class,acceptor
5,0.3333333333333333,0.4,2144,9623.970416,0.36659167759367844,0.22184191219567023,0.1447497653980082,3.3474323815680783e-06,uncalibrated,binary_class,acceptor
6,0.4,0.4666666666666667,2428,4921.323472,0.4388026802157148,0.49275362893683,0.05395094872111522,6.379999766385349e-07,uncalibrated,binary_class,acceptor
7,0.4666666666666667,0.5333333333333333,2953,4615.215648,0.5030039937785039,0.6394067417583864,0.1364027479798825,1.5127068841478137e-06,uncalibrated,binary_class,acceptor
8,0.5333333333333333,0.6,3607,5269.215648,0.5663859589301093,0.6841625472983488,0.11777658836823945,1.491229917334636e-06,uncalibrated,binary_class,acceptor
9,0.6,0.6666666666666666,4292,4292.0,0.6348130117341501,1.0,0.36518698826584994,3.766297947032459e-06,uncalibrated,binary_class,acceptor
10,0.6666666666666666,0.7333333333333333,5385,6216.107824000001,0.6985851065667539,0.8661368419660797,0.16755173539932577,2.502690439591808e-06,uncalibrated,binary_class,acceptor
11,0.7333333333333333,0.8,7099,7099.0,0.7679412536158295,1.0,0.23205874638417046,3.958537679212865e-06,uncalibrated,binary_class,acceptor
12,0.8,0.8666666666666667,8898,8898.0,0.8342457536861693,1.0,0.16575424631383073,3.5440246148127307e-06,uncalibrated,binary_class,acceptor
13,0.8666666666666667,0.9333333333333333,8747,8747.0,0.8979782735305172,1.0,0.10202172646948282,2.144329203740307e-06,uncalibrated,binary_class,acceptor
14,0.9333333333333333,1.0,1588,1588.0,0.9464407885254781,1.0,0.05355921147452192,2.0437338480762401e-07,uncalibrated,binary_class,acceptor
0,0.0,0.06666666666666667,553029,415836830.95719993,0.0007110286075512653,7.959852888405362e-07,0.0007102326222624247,0.0007096810911284813,uncalibrated,binary_class,donor
1,0.06666666666666667,0.13333333333333333,1049,190541.58387200002,0.09068406216856564,0.004303522534749427,0.08638053963381621,3.954989628399032e-05,uncalibrated,binary_class,donor
2,0.13333333333333333,0.2,1181,41905.28337600001,0.1578941852599876,0.027013300204725952,0.13088088505526166,1.3179067129811669e-05,uncalibrated,binary_class,donor
3,0.2,0.26666666666666666,1473,18926.264304,0.23211814550699708,0.07671878489476261,0.15539936061223447,7.0673043339575085e-06,uncalibrated,binary_class,donor
4,0.26666666666666666,0.3333333333333333,1818,13453.509536000001,0.2978670633873167,0.13409140530749314,0.16377565807982358,5.294495813489e-06,uncalibrated,binary_class,donor
5,0.3333333333333333,0.4,2077,6232.53912,0.36012211558643886,0.33244877570860715,0.027673339877831715,4.14444380453773e-07,uncalibrated,binary_class,donor
6,0.4,0.4666666666666667,2642,3473.107824,0.4322758293655704,0.7604140538770673,0.3281382245114969,2.7385126751834593e-06,uncalibrated,binary_class,donor
7,0.4666666666666667,0.5333333333333333,3290,5783.323472,0.5045280075334517,0.5683583178278083,0.0638303102943566,8.870418390772677e-07,uncalibrated,binary_class,donor
8,0.5333333333333333,0.6,4135,6628.323472,0.5688400863374642,0.623385388093202,0.054545301755737796,8.687617837247205e-07,uncalibrated,binary_class,donor
9,0.6,0.6666666666666666,5082,5913.107824000001,0.6351679762640959,0.8592774140490625,0.22410943778496661,3.184311971353632e-06,uncalibrated,binary_class,donor
10,0.6666666666666666,0.7333333333333333,6510,6510.0,0.7010419065593392,1.0,0.2989580934406608,4.676608007253705e-06,uncalibrated,binary_class,donor
11,0.7333333333333333,0.8,7892,7892.0,0.7676279484334477,1.0,0.23237205156655227,4.406671066328409e-06,uncalibrated,binary_class,donor
12,0.8,0.8666666666666667,9218,9218.0,0.8336061859407609,1.0,0.16639381405923914,3.6856453719676723e-06,uncalibrated,binary_class,donor
13,0.8666666666666667,0.9333333333333333,6247,6247.0,0.8942776234012156,1.0,0.10572237659878436,1.5870042450322134e-06,uncalibrated,binary_class,donor
14,0.9333333333333333,1.0,445,445.0,0.943321430951022,1.0,0.056678569048977945,6.060640913782004e-08,uncalibrated,binary_class,donor
0,0.0,0.06666666666666667,0,0.0,,,,0.0,true-logit genome-weighted vector T,multiclass,argmax
1,0.06666666666666667,0.13333333333333333,0,0.0,,,,0.0,true-logit genome-weighted vector T,multiclass,argmax
2,0.13333333333333333,0.2,0,0.0,,,,0.0,true-logit genome-weighted vector T,multiclass,argmax
3,0.2,0.26666666666666666,0,0.0,,,,0.0,true-logit genome-weighted vector T,multiclass,argmax
4,0.26666666666666666,0.3333333333333333,0,0.0,,,,0.0,true-logit genome-weighted vector T,multiclass,argmax
5,0.3333333333333333,0.4,0,0.0,,,,0.0,true-logit genome-weighted vector T,multiclass,argmax
6,0.4,0.4666666666666667,0,0.0,,,,0.0,true-logit genome-weighted vector T,multiclass,argmax
7,0.4666666666666667,0.5333333333333333,3119,4781.215648,0.5208787473247037,0.6935925697865531,0.1727138224618494,1.9842897697531917e-06,true-logit genome-weighted vector T,multiclass,argmax
8,0.5333333333333333,0.6,6486,10641.539120000001,0.565048048644969,0.411510757477721,0.15353729116724807,3.926069517337325e-06,true-logit genome-weighted vector T,multiclass,argmax
9,0.6,0.6666666666666666,6903,11889.646944,0.6386584159292877,0.5553002122852606,0.08335820364402713,2.3815350134888907e-06,true-logit genome-weighted vector T,multiclass,argmax
10,0.6666666666666666,0.7333333333333333,7486,9148.215648000001,0.7045876663233163,0.7141519067085288,0.00956424038521253,2.1024541895721557e-07,true-logit genome-weighted vector T,multiclass,argmax
11,0.7333333333333333,0.8,8942,17253.078240000003,0.7699238578493882,0.7444389003130145,0.025484957536373698,1.0565502843092395e-06,true-logit genome-weighted vector T,multiclass,argmax
12,0.8,0.8666666666666667,11895,29348.264304000004,0.8410390106982576,0.9000281594301945,0.05898914873193695,4.16000847763565e-06,true-logit genome-weighted vector T,multiclass,argmax
13,0.8666666666666667,0.9333333333333333,18652,59376.28337600001,0.9063539169794388,0.939437098525882,0.033083181546443186,4.720195027107998e-06,true-logit genome-weighted vector T,multiclass,argmax
14,0.9333333333333333,1.0,542605,416017561.75672,0.9999714427611167,0.9999855607057196,1.4117944602931587e-05,1.4113112482526056e-05,true-logit genome-weighted vector T,multiclass,argmax
0,0.0,0.06666666666666667,556371,416067896.50097597,1.396488234007219e-05,8.070798127516967e-06,5.894084212555223e-06,5.892779748456034e-06,true-logit genome-weighted vector T,binary_class,acceptor
1,0.06666666666666667,0.13333333333333333,1986,26088.126896,0.09419738069807246,0.07501496783581116,0.0191824128622613,1.2025019726118209e-06,true-logit genome-weighted vector T,binary_class,acceptor
2,0.13333333333333333,0.2,1534,9013.970416,0.1576068141090857,0.16918182883017796,0.011575014721092264,2.507132839789748e-07,true-logit genome-weighted vector T,binary_class,acceptor
3,0.2,0.26666666666666666,1488,5643.53912,0.23058438769604303,0.2627783680535557,0.03219398035751267,4.365820539603382e-07,true-logit genome-weighted vector T,binary_class,acceptor
4,0.26666666666666666,0.3333333333333333,1368,2199.107824,0.29213556877364194,0.6216157230133159,0.329480154239674,1.7410668614023306e-06,true-logit genome-weighted vector T,binary_class,acceptor
5,0.3333333333333333,0.4,1409,3071.2156480000003,0.35987900842483606,0.4581247822556027,0.09824577383076666,7.25043151525662e-07,true-logit genome-weighted vector T,binary_class,acceptor
6,0.4,0.4666666666666667,1532,2363.107824,0.4295158858610433,0.6478756425970006,0.2183597567359573,1.2399261091634887e-06,true-logit genome-weighted vector T,binary_class,acceptor
7,0.4666666666666667,0.5333333333333333,1497,2328.107824,0.49211055621061817,0.6425819219273411,0.15047136571672293,8.417761529533546e-07,true-logit genome-weighted vector T,binary_class,acceptor
8,0.5333333333333333,0.6,1787,3449.2156480000003,0.5690779438137733,0.5175089591846824,0.051568984629090875,4.274138522061989e-07,true-logit genome-weighted vector T,binary_class,acceptor
9,0.6,0.6666666666666666,1978,1978.0,0.6333429280920868,1.0,0.3666570719079132,1.7427135914884955e-06,true-logit genome-weighted vector T,binary_class,acceptor
10,0.6666666666666666,0.7333333333333333,2353,2353.0,0.7016546582598104,1.0,0.29834534174018956,1.686867044200947e-06,true-logit genome-weighted vector T,binary_class,acceptor
11,0.7333333333333333,0.8,2982,3813.107824,0.7709964092578866,0.7817770012264935,0.010780591968606923,9.877825735978139e-08,true-logit genome-weighted vector T,binary_class,acceptor
12,0.8,0.8666666666666667,4212,4212.0,0.8358488292605789,1.0,0.1641511707394211,1.6613916069647292e-06,true-logit genome-weighted vector T,binary_class,acceptor
13,0.8666666666666667,0.9333333333333333,7186,7186.0,0.90372493526347,1.0,0.09627506473653002,1.662419778923262e-06,true-logit genome-weighted vector T,binary_class,acceptor
14,0.9333333333333333,1.0,18405,18405.0,0.9720026820420377,1.0,0.027997317957962342,1.2382031839107479e-06,true-logit genome-weighted vector T,binary_class,acceptor
0,0.0,0.06666666666666667,555629,416072972.255744,1.20599359304949e-05,6.3666716577104704e-06,5.69326427278443e-06,5.6920736923655675e-06,true-logit genome-weighted vector T,binary_class,donor
1,0.06666666666666667,0.13333333333333333,1660,18282.156480000005,0.09067466567885997,0.08970495366857288,0.0009697120102870882,4.260002574155114e-08,true-logit genome-weighted vector T,binary_class,donor
2,0.13333333333333333,0.2,1421,11394.293888,0.15571658610648537,0.12365838671968087,0.0320581993868045,8.777406414200113e-07,true-logit genome-weighted vector T,binary_class,donor
3,0.2,0.26666666666666666,1264,3757.323472,0.22820708039397683,0.33561124278947896,0.10740416239550213,9.697043934042674e-07,true-logit genome-weighted vector T,binary_class,donor
4,0.26666666666666666,0.3333333333333333,1249,2080.107824,0.29106485668297377,0.599968898535329,0.3089040418523552,1.5440064261877825e-06,true-logit genome-weighted vector T,binary_class,donor
5,0.3333333333333333,0.4,1385,2216.107824,0.3610484502614613,0.6245183492479741,0.2634698989865128,1.4030125541438406e-06,true-logit genome-weighted vector T,binary_class,donor
6,0.4,0.4666666666666667,1403,1403.0,0.4341236650094082,1.0,0.5658763349905918,1.907738605324395e-06,true-logit genome-weighted vector T,binary_class,donor
7,0.4666666666666667,0.5333333333333333,1622,2453.107824,0.4894375092430471,0.6607944355893913,0.17135692634634425,1.0100851036063264e-06,true-logit genome-weighted vector T,binary_class,donor
8,0.5333333333333333,0.6,1764,3426.2156480000003,0.556903112490947,0.5142700229708366,0.04263308952011047,3.509951903988545e-07,true-logit genome-weighted vector T,binary_class,donor
9,0.6,0.6666666666666666,2131,4624.323472,0.6398206137329586,0.4601754208772184,0.1796451928557402,1.996197332647939e-06,true-logit genome-weighted vector T,binary_class,donor
10,0.6666666666666666,0.7333333333333333,2516,2516.0,0.7008725419664231,1.0,0.2991274580335769,1.8084503181768536e-06,true-logit genome-weighted vector T,binary_class,donor
11,0.7333333333333333,0.8,3207,4038.107824,0.7678790691187115,0.7939362047109121,0.026057135592200575,2.528391078092417e-07,true-logit genome-weighted vector T,binary_class,donor
12,0.8,0.8666666666666667,4728,4728.0,0.8352510622763997,1.0,0.16474893772360033,1.87171515176178e-06,true-logit genome-weighted vector T,binary_class,donor
13,0.8666666666666667,0.9333333333333333,7821,7821.0,0.9036655843280768,1.0,0.09633441567192325,1.8104370073291805e-06,true-logit genome-weighted vector T,binary_class,donor
14,0.9333333333333333,1.0,18288,18288.0,0.9703351944222173,1.0,0.029664805577782727,1.3036091032451233e-06,true-logit genome-weighted vector T,binary_class,donor
0,0.0,0.06666666666666667,0,0.0,,,,0.0,OpenSpliceAI-style vector T,multiclass,argmax
1,0.06666666666666667,0.13333333333333333,0,0.0,,,,0.0,OpenSpliceAI-style vector T,multiclass,argmax
2,0.13333333333333333,0.2,0,0.0,,,,0.0,OpenSpliceAI-style vector T,multiclass,argmax
3,0.2,0.26666666666666666,0,0.0,,,,0.0,OpenSpliceAI-style vector T,multiclass,argmax
4,0.26666666666666666,0.3333333333333333,0,0.0,,,,0.0,OpenSpliceAI-style vector T,multiclass,argmax
5,0.3333333333333333,0.4,0,0.0,,,,0.0,OpenSpliceAI-style vector T,multiclass,argmax
6,0.4,0.4666666666666667,0,0.0,,,,0.0,OpenSpliceAI-style vector T,multiclass,argmax
7,0.4666666666666667,0.5333333333333333,2353,3184.107824,0.5140044673014791,0.6520218342957723,0.13801736699429323,1.0559933152979825e-06,OpenSpliceAI-style vector T,multiclass,argmax
8,0.5333333333333333,0.6,4673,7997.431296000001,0.5626326535120503,0.5329480792328647,0.029684574279185583,5.704544967051024e-07,OpenSpliceAI-style vector T,multiclass,argmax
9,0.6,0.6666666666666666,4886,8210.431296,0.6330150418619473,0.5416543282161824,0.09136071364576492,1.802457858857369e-06,OpenSpliceAI-style vector T,multiclass,argmax
10,0.6666666666666666,0.7333333333333333,5669,12317.862592000001,0.7074891732089453,0.49231946100280055,0.21516971220614478,6.368778712311315e-06,OpenSpliceAI-style vector T,multiclass,argmax
11,0.7333333333333333,0.8,6615,12432.754768,0.7653569531059957,0.8313326339068993,0.06597568080090355,1.971019463786716e-06,OpenSpliceAI-style vector T,multiclass,argmax
12,0.8,0.8666666666666667,8625,21922.725184000003,0.8378108842070189,0.8525225401101302,0.014711655903111298,7.749894015894857e-07,OpenSpliceAI-style vector T,multiclass,argmax
13,0.8666666666666667,0.9333333333333333,14188,44938.98948800001,0.9044528351318946,0.9127237201217593,0.008270884989864724,8.931305594386483e-07,OpenSpliceAI-style vector T,multiclass,argmax
14,0.9333333333333333,1.0,559079,416048995.69755197,0.9999827970763602,0.999983641349768,8.442734078517589e-07,8.440482108585014e-07,OpenSpliceAI-style vector T,multiclass,argmax
0,0.0,0.06666666666666667,556586,416073098.14792,8.620003356095592e-06,8.573012809234497e-06,4.699054686109533e-08,4.698073437178237e-08,OpenSpliceAI-style vector T,binary_class,acceptor
1,0.06666666666666667,0.13333333333333333,1574,18196.15648,0.09107865464763604,0.08540265092290522,0.005676003724730816,2.4817726825323144e-07,OpenSpliceAI-style vector T,binary_class,acceptor
2,0.13333333333333333,0.2,1183,8662.970416,0.155951758539241,0.1355193361657672,0.020432422373473813,4.253303309991834e-07,OpenSpliceAI-style vector T,binary_class,acceptor
3,0.2,0.26666666666666666,1031,6017.646944,0.2342543112416495,0.17033235906636135,0.06392195217528815,9.24307334107403e-07,OpenSpliceAI-style vector T,binary_class,acceptor
4,0.26666666666666666,0.3333333333333333,1057,2719.2156480000003,0.28860605379792065,0.38797952666091745,0.0993734728629968,6.493125298086416e-07,OpenSpliceAI-style vector T,binary_class,acceptor
5,0.3333333333333333,0.4,972,1803.1078240000002,0.35668107849779673,0.538514661783199,0.18183358328540222,7.878353438289706e-07,OpenSpliceAI-style vector T,binary_class,acceptor
6,0.4,0.4666666666666667,1005,2667.2156480000003,0.44290248616935946,0.3760475838360108,0.06685490233334868,4.2848049223620564e-07,OpenSpliceAI-style vector T,binary_class,acceptor
7,0.4666666666666667,0.5333333333333333,1131,1131.0,0.5015569274169364,1.0,0.49844307258306364,1.3546210954715613e-06,OpenSpliceAI-style vector T,binary_class,acceptor
8,0.5333333333333333,0.6,1217,2048.107824,0.5553146263129703,0.5937187416359384,0.03840411532296806,1.890036742281074e-07,OpenSpliceAI-style vector T,binary_class,acceptor
9,0.6,0.6666666666666666,1258,2089.107824,0.6289243834118267,0.6016922561676261,0.027232127244200544,1.3670427261155065e-07,OpenSpliceAI-style vector T,binary_class,acceptor
10,0.6666666666666666,0.7333333333333333,1631,3293.2156480000003,0.7000328980413679,0.49465330367578764,0.2053795943655803,1.625238595599341e-06,OpenSpliceAI-style vector T,binary_class,acceptor
11,0.7333333333333333,0.8,2102,2102.0,0.7671265593768855,1.0,0.23287344062311455,1.1762302292142126e-06,OpenSpliceAI-style vector T,binary_class,acceptor
12,0.8,0.8666666666666667,2857,2857.0,0.8362783232968332,1.0,0.16372167670316684,1.1239735446485671e-06,OpenSpliceAI-style vector T,binary_class,acceptor
13,0.8666666666666667,0.9333333333333333,4970,5801.107824000001,0.9030299064326637,0.8565605313251629,0.04646937510750082,6.477649353914693e-07,OpenSpliceAI-style vector T,binary_class,acceptor
14,0.9333333333333333,1.0,27514,27514.0,0.9823100373683747,1.0,0.017689962631625256,1.1695540942102492e-06,OpenSpliceAI-style vector T,binary_class,acceptor
0,0.0,0.06666666666666667,556232,416083548.54963195,6.144561018880932e-06,7.786897634606962e-06,1.64233661572603e-06,1.6420349072094382e-06,OpenSpliceAI-style vector T,binary_class,donor
1,0.06666666666666667,0.13333333333333333,1551,14848.725184,0.10014558875762157,0.10337587779279625,0.00323028903517468,1.1525777140570294e-07,OpenSpliceAI-style vector T,binary_class,donor
2,0.13333333333333333,0.2,1233,6219.646944,0.1689118711321927,0.1972780788117995,0.02836620767960682,4.239422263248171e-07,OpenSpliceAI-style vector T,binary_class,donor
3,0.2,0.26666666666666666,1073,1904.1078240000002,0.24184486857437573,0.5629933276299588,0.3211484590555831,1.469389882625143e-06,OpenSpliceAI-style vector T,binary_class,donor
4,0.26666666666666666,0.3333333333333333,1039,1870.1078240000002,0.287931161855028,0.5550482098833248,0.26711704802829683,1.200350061133943e-06,OpenSpliceAI-style vector T,binary_class,donor
5,0.3333333333333333,0.4,1129,1960.1078240000002,0.3657156566976856,0.5754785457149422,0.2097628890172566,9.879802959139954e-07,OpenSpliceAI-style vector T,binary_class,donor
6,0.4,0.4666666666666667,1068,1068.0,0.4335978356761065,1.0,0.5664021643238935,1.4535695681899227e-06,OpenSpliceAI-style vector T,binary_class,donor
7,0.4666666666666667,0.5333333333333333,1222,2053.107824,0.49789777019719145,0.5947081715470585,0.09681040134986701,4.776100356977897e-07,OpenSpliceAI-style vector T,binary_class,donor
8,0.5333333333333333,0.6,1383,2214.107824,0.5742517431640128,0.6241791772829216,0.049927434118908764,2.6563034052989343e-07,OpenSpliceAI-style vector T,binary_class,donor
9,0.6,0.6666666666666666,1527,2358.107824,0.6277053055830739,0.6471290177950743,0.019423712212000344,1.1006153339639168e-07,OpenSpliceAI-style vector T,binary_class,donor
10,0.6666666666666666,0.7333333333333333,1942,4435.323472,0.708700535718419,0.4371721729521693,0.27152836276624964,2.893877644874274e-06,OpenSpliceAI-style vector T,binary_class,donor
11,0.7333333333333333,0.8,2409,2409.0,0.7685350076211197,1.0,0.2314649923788803,1.3398672785484491e-06,OpenSpliceAI-style vector T,binary_class,donor
12,0.8,0.8666666666666667,3352,4183.107824000001,0.835937576878759,0.8010790400319358,0.034858536846823274,3.503869142088109e-07,OpenSpliceAI-style vector T,binary_class,donor
13,0.8666666666666667,0.9333333333333333,6092,6092.0,0.9036697463318957,1.0,0.09633025366810433,1.410140103196106e-06,OpenSpliceAI-style vector T,binary_class,donor
14,0.9333333333333333,1.0,24836,24836.0,0.978762829544075,1.0,0.021237170455924992,1.267412450603982e-06,OpenSpliceAI-style vector T,binary_class,donor
